<?xml version="1.0" encoding="UTF-8"?>
<root>
  <item name="com.pixplicity.sharp.Sharp com.pixplicity.sharp.Sharp addColorReplacement(int, int) 0">
    <annotation name="android.support.annotation.ColorInt" />
  </item>
  <item name="com.pixplicity.sharp.Sharp com.pixplicity.sharp.Sharp addColorReplacement(int, int) 1">
    <annotation name="android.support.annotation.ColorInt" />
  </item>
  <item name="com.pixplicity.sharp.Sharp com.pixplicity.sharp.Sharp addColorReplacement(java.lang.String, int) 1">
    <annotation name="android.support.annotation.ColorInt" />
  </item>
  <item name="com.pixplicity.sharp.Sharp int getColorForId(java.lang.String, int) 1">
    <annotation name="android.support.annotation.ColorInt" />
  </item>
  <item name="com.pixplicity.sharp.Sharp int getReplacementColor(int) 0">
    <annotation name="android.support.annotation.ColorInt" />
  </item>
</root>

